Region,State_UT,Sector,Coal_MW,Lignite_MW,Gas_MW,Diesel_MW,Thermal_Total_MW,Nuclear_MW,Hydro_MW,RES_MNRE_MW,Total_RES_incl_Hydro_MW,Grand_Total_MW,thermal_share_pct,hydro_share_pct,nuclear_share_pct,res_share_pct,coal_share_thermal_pct,lignite_share_thermal_pct,gas_share_thermal_pct,diesel_share_thermal_pct,non_fossil_capacity_mw,non_fossil_share_pct
Northern Region,Northern Region,State,0.0,0.0,1800.4,0.0,1800.4,0.0,0.0,0.0,0.0,1800.4,100.0,0.0,0.0,0.0,0.0,0.0,100.0,0.0,0.0,0.0
Northern Region,Northern Region,Private,878.22,0.0,0.0,0.0,878.22,0.0,0.0,546.1,546.1,1424.32,61.65889687710627,0.0,0.0,38.341103122893735,100.0,0.0,0.0,0.0,546.1,38.341103122893735
Northern Region,Northern Region,Central,2786.14,0.0,207.01,0.0,2993.16,153.38,1178.01,0.37,1178.38,4324.92,69.20729169556893,27.23772925279543,3.5464239800967414,0.008555071538895516,93.0835638589317,0.0,6.91610204599821,0.0,1331.7599999999998,30.79270830443106
Northern Region,Northern Region,Sub-Total,3664.36,0.0,2007.41,0.0,5671.78,153.38,1178.01,546.47,1724.48,7549.64,75.12649609782717,15.60352546611494,2.031620050757387,7.238358385300492,64.60687826396652,0.0,35.39294542454044,0.0,1877.86,24.873503902172818
Northern Region,Northern Region,State,2510.0,0.0,150.0,0.0,2660.0,0.0,200.0,142.6,342.6,3002.6,88.58988876307201,6.660893891960301,0.0,4.749217344967695,94.3609022556391,0.0,5.639097744360902,0.0,342.6,11.410111236927998
Northern Region,Northern Region,Private,4561.78,0.0,0.0,0.0,4561.78,0.0,539.0,3113.24,3652.24,8214.02,55.53650952882997,6.561951395297308,0.0,37.90153907587271,100.0,0.0,0.0,0.0,3652.24,44.46349047117002
Northern Region,Northern Region,Central,1610.81,0.0,431.59,0.0,2042.4,123.04,1702.12,5.0,1707.12,3872.56,52.74030615406863,43.95335385378147,3.177226434193402,0.1291135579564939,78.86848805327065,0.0,21.131511946729336,0.0,1830.1599999999999,47.25969384593137
Northern Region,Northern Region,Sub-Total,8682.59,0.0,581.59,0.0,9264.18,123.04,2441.12,3260.84,5701.96,15089.18,61.396179248971784,16.17795002776824,0.8154187305075558,21.610451992752424,93.72216429300812,0.0,6.277835706991876,0.0,5825.0,38.603820751028216
Northern Region,Northern Region,State,0.0,0.0,0.0,0.0,0.0,0.0,905.59,262.91,1168.5,1168.5,0.0,77.50021394950792,0.0,22.499786050492084,,,,,1168.5,100.0
Northern Region,Northern Region,Private,0.0,0.0,0.0,0.0,0.0,0.0,1609.4,1145.04,2754.44,2754.44,0.0,58.429299603549175,0.0,41.570700396450825,,,,,2754.44,100.0
Northern Region,Northern Region,Central,144.67,0.0,0.0,0.0,144.67,42.22,1432.02,1.0,1433.02,1619.92,8.930687935206675,88.40066176107462,2.606301545755346,0.061731443528075455,100.0,0.0,0.0,0.0,1475.24,91.06869475035803
Northern Region,Northern Region,Sub-Total,144.67,0.0,0.0,0.0,144.67,42.22,3947.01,1408.95,5355.96,5542.86,2.61002442782246,71.20890659334712,0.76170063829864,25.419187928253645,100.0,0.0,0.0,0.0,5398.18,97.38979515989942
Northern Region,Northern Region,State,0.0,0.0,0.0,0.0,0.0,0.0,1230.0,142.97,1372.97,1372.97,0.0,89.58680816041137,0.0,10.41319183958863,,,,,1372.97,100.0
Northern Region,Northern Region,Private,0.0,0.0,0.0,0.0,0.0,0.0,0.0,284.43,284.43,284.43,0.0,0.0,0.0,100.0,,,,,284.43,100.0
Northern Region,Ladakh,Central,577.1,0.0,129.07,0.0,706.18,95.13,1115.88,0.0,1115.88,1917.19,36.834116597728965,58.203933882400804,4.961949519870227,0.0,81.72137415389845,0.0,18.277209776544222,0.0,1211.0100000000002,63.16588340227104
Northern Region,Ladakh,Sub-Total,577.1,0.0,129.07,0.0,706.18,95.13,2345.88,427.4,2773.28,3574.58,19.755607651808045,65.62673097258978,2.661291676224899,11.956649452523093,81.72137415389845,0.0,18.277209776544222,0.0,2868.4100000000003,80.24467210133778
Northern Region,Ladakh,State,2300.0,0.0,150.0,0.0,2450.0,0.0,1243.4,135.3,1378.7,3828.7,63.99038838247969,32.475775067255206,0.0,3.5338365502651037,93.87755102040816,0.0,6.122448979591836,0.0,1378.7,36.00961161752031
Northern Region,Ladakh,Private,4474.0,0.0,0.0,0.0,4474.0,0.0,288.0,2226.58,2514.58,6988.58,64.01872769575508,4.1210088458599605,0.0,31.860263458384964,100.0,0.0,0.0,0.0,2514.58,35.981272304244925
Northern Region,Ladakh,Central,1476.0,0.0,0.0,0.0,1476.0,229.09,2296.04,0.0,2296.04,4001.12,36.8896708921502,57.38493221897869,5.725646818890711,0.0,100.0,0.0,0.0,0.0,2525.13,63.1105790378694
Northern Region,Ladakh,Sub-Total,8250.0,0.0,150.0,0.0,8400.0,229.09,3827.44,2361.88,6189.32,14818.41,56.6862436658184,25.82895195908333,1.5459823287383734,15.938822046359903,98.21428571428571,0.0,1.7857142857142856,0.0,6418.41,43.313756334181605
Northern Region,Ladakh,State,7580.0,250.0,603.5,0.0,8433.5,0.0,434.5,184.2,618.7,9052.2,93.16519741057422,4.799938136585581,0.0,2.034864452840193,89.87964664729947,2.964368293116737,7.155985059583802,0.0,618.7,6.834802589425775
Northern Region,Ladakh,Private,3301.0,1080.0,0.0,0.0,4381.0,0.0,104.0,44287.82,44391.82,48772.82,8.982461953194424,0.2132335181767222,0.0,90.80430452862885,75.34809404245605,24.65190595754394,0.0,0.0,44391.82,91.01753804680558
Northern Region,Ladakh,Central,1491.64,250.0,171.13,0.0,1912.77,806.74,1665.17,5450.82,7115.99,9835.5,19.44761323776117,16.93020181993798,8.202328300543948,55.419856641756894,77.9832389675706,13.070050241273126,8.946710791156281,0.0,7922.73,80.55238676223883
Northern Region,Ladakh,Sub-Total,12372.64,1580.0,774.63,0.0,14727.27,806.74,2203.67,49922.84,52126.51,67660.52,21.76641562908473,3.256951025502021,1.192334909634156,73.78429843577908,84.01176864415469,10.72839704846859,5.259834307376724,0.0,52933.25,78.23358437091527
Northern Region,Ladakh,State,9115.0,0.0,0.0,0.0,9115.0,0.0,724.1,21.13,745.23,9860.23,92.44206271050473,7.343642085428029,0.0,0.21429520406724795,100.0,0.0,0.0,0.0,745.23,7.557937289495276
Northern Region,Ladakh,Private,8814.33,0.0,0.0,0.0,8814.33,0.0,842.4,7816.73,8659.13,17473.46,50.44410208396047,4.821025715570928,0.0,44.734872200468594,100.0,0.0,0.0,0.0,8659.13,49.55589791603952
Northern Region,Ladakh,Central,8238.19,0.0,1029.51,0.0,9267.7,370.45,2108.52,567.06,2675.58,12313.73,75.26314122528268,17.123324938909658,3.008430426848729,4.605103408958942,88.89141858281991,0.0,11.108581417180098,0.0,3046.0299999999997,24.736858774717327
Northern Region,Ladakh,Sub-Total,26167.52,0.0,1029.51,0.0,27197.03,370.45,3675.02,8404.92,12079.94,39647.42,68.59722524189468,9.26925383795465,0.9343609243678404,21.19915999578283,96.21462343498537,0.0,3.785376565014636,0.0,12450.39,31.402774758105316
Northern Region,Ladakh,State,0.0,0.0,0.0,0.0,0.0,0.0,1372.15,3.1,1375.25,1375.25,0.0,99.77458643882932,0.0,0.22541356117069625,,,,,1375.25,100.0
Northern Region,Ladakh,Private,99.0,0.0,664.0,0.0,763.0,0.0,248.2,1281.85,1530.05,2293.05,33.2744597806415,10.82401168749046,0.0,55.901528531868024,12.975098296199214,0.0,87.02490170380078,0.0,1530.05,66.72554021935849
Northern Region,Ladakh,Central,554.63,0.0,69.66,0.0,624.29,47.51,743.5,2.24,745.74,1417.53,44.040690496850154,52.45038905702172,3.351604551579155,0.15802134699089262,88.84172419868972,0.0,11.158275801310289,0.0,793.25,55.960014955591774
Northern Region,Ladakh,Sub-Total,653.63,0.0,733.66,0.0,1387.29,47.51,2363.85,1287.18,3651.03,5085.83,27.277553516338532,46.47913909823962,0.9341641384002218,25.309143247021627,47.115599478119215,0.0,52.88440052188079,0.0,3698.54,72.72244648366146
Northern Region,Ladakh,State,0.0,0.0,0.0,0.0,0.0,0.0,0.0,0.0,0.0,0.0,,,,,,,,,0.0,
Northern Region,Ladakh,Private,0.0,0.0,0.0,0.0,0.0,0.0,0.0,78.85,78.85,78.85,0.0,0.0,0.0,100.0,,,,,78.85,100.0
Northern Region,Ladakh,Central,44.86,0.0,15.03,0.0,59.88,10.41,106.21,0.0,106.21,176.5,33.92634560906516,60.1756373937677,5.898016997167139,0.0,74.91649966599866,0.0,25.100200400801604,0.0,116.61999999999999,66.07365439093485
Northern Region,Ladakh,Sub-Total,44.86,0.0,15.03,0.0,59.88,10.41,106.21,78.85,185.06,255.35,23.450166438222052,41.59389073820247,4.076757391815155,30.879185431760327,74.91649966599866,0.0,25.100200400801604,0.0,195.46999999999997,76.54983356177794
Northern Region,Ladakh,Central,1703.67,0.0,291.05,0.0,1994.72,342.03,871.45,0.0,871.45,3208.21,62.17548103147861,27.163122114824155,10.661085153403299,0.0,85.40897970642496,0.0,14.591020293575038,0.0,1213.48,37.824207268227454
Northern Region,Ladakh,State,21505.0,250.0,2703.9,0.0,24458.9,0.0,6109.74,892.21,7001.95,31460.85,77.74392618126974,19.420136455308743,0.0,2.8359373634215226,87.92300553172872,1.0221228264558095,11.054871641815453,0.0,7001.95,22.25607381873026
Northern Region,Total (Northern,Private,22128.33,1080.0,664.0,0.0,23872.33,0.0,3631.0,60780.64,64411.64,88283.97,27.04039023165814,4.112864430541581,0.0,68.84674533780029,92.694470962826,4.524066146873807,2.7814628903001926,0.0,64411.64,72.95960976834186
Northern Region,Region),Central,18627.71,250.0,2344.06,0.0,21221.77,2220.0,13218.93,6026.49,19245.42,42687.19,49.71460993333129,30.96697159030613,5.20062341887578,14.1177950574868,87.77642015722533,1.1780355738470447,11.045544268927616,0.0,21465.42,50.2853900666687
Northern Region,Region),Grand Total,62261.04,1580.0,5711.96,0.0,69553.0,2220.0,22959.67,67699.34,90659.01,162432.01,42.819761942242785,14.134941751936699,1.366725684180107,41.6785706216404,89.51596624157118,2.27164895834831,8.212384800080514,0.0,92879.01,57.18023805775721
Western Region,Western Region,State,0.0,0.0,0.0,0.0,0.0,0.0,0.0,0.0,0.0,0.0,,,,,,,,,0.0,
Western Region,Western Region,Private,0.0,0.0,0.0,0.0,0.0,0.0,0.0,96.7,96.7,96.7,0.0,0.0,0.0,100.0,,,,,96.7,100.0
Western Region,Western Region,Central,492.27,0.0,19.67,0.0,511.94,41.68,6.0,1.0,7.0,560.62,91.31675644821804,1.0702436588063216,7.434625949841248,0.17837394313438693,96.15775286166347,0.0,3.842247138336524,0.0,48.68,8.683243551781954
Western Region,Western Region,Sub-Total,492.27,0.0,19.67,0.0,511.94,41.68,6.0,97.7,103.7,657.32,77.88291851761699,0.9127974198259599,6.340899409724335,14.863384652832714,96.15775286166347,0.0,3.842247138336524,0.0,145.38,22.117081482383007
Western Region,Western Region,State,4510.0,900.0,2021.72,0.0,7431.72,0.0,772.0,14692.57,15464.57,22896.29,32.458184273522036,3.3717252882453885,0.0,64.17009043823256,60.68581701140516,12.110251731765997,27.203931256828835,0.0,15464.57,67.54181572647795
Western Region,Western Region,Private,7144.67,500.0,3170.0,0.0,10814.67,0.0,0.0,31929.58,31929.58,42744.25,25.30087672610936,0.0,0.0,74.69912327389065,66.06461408438723,4.623349579783756,29.312036335829017,0.0,31929.58,74.69912327389065
Western Region,Western Region,Central,4926.49,0.0,424.0,0.0,5350.49,1034.89,265.08,3998.03,4263.11,10648.49,50.24646686995058,2.4893670370165157,9.71865494544297,37.54551114758994,92.07549215118615,0.0,7.924507848813847,0.0,5298.0,49.753533130049426
Western Region,Western Region,Sub-Total,16581.16,1400.0,5615.72,0.0,23596.88,1034.89,1037.08,50620.17,51657.25,76289.02,30.930899361402204,1.3594092570595346,1.3565385949380397,66.3531527866002,70.26844226863889,5.932987750923003,23.798569980438092,0.0,52692.14,69.06910063859779
Western Region,Western Region,State,4570.0,0.0,0.0,0.0,4570.0,0.0,1703.66,168.56,1872.22,6442.22,70.938279040455,26.44523161270494,0.0,2.6164893468400643,100.0,0.0,0.0,0.0,1872.22,29.061720959545
Western Region,Western Region,Private,5744.0,0.0,75.0,0.0,5819.0,0.0,0.0,9460.95,9460.95,15279.95,38.082585348774046,0.0,0.0,61.917414651225954,98.71111874892593,0.0,1.2888812510740677,0.0,9460.95,61.917414651225954
Western Region,Western Region,Central,5186.6,0.0,257.0,0.0,5443.6,491.98,1572.5,884.2,2456.7,8392.28,64.86437535449247,18.737458712054412,5.862292487857888,10.535873445595238,95.27885957822029,0.0,4.721140421779705,0.0,2948.6800000000003,35.13562464550754
Western Region,Western Region,Sub-Total,15500.6,0.0,332.0,0.0,15832.6,491.98,3276.16,10513.71,13789.87,30114.45,52.57476062156208,10.87902983451466,1.633700764915182,34.91250877900808,97.90306077334108,0.0,2.0969392266589186,0.0,14281.849999999999,47.42523937843792
Western Region,Western Region,State,1840.0,0.0,0.0,0.0,1840.0,0.0,120.0,217.08,337.08,2177.08,84.51687581531225,5.511970161868191,0.0,9.971154022819558,100.0,0.0,0.0,0.0,337.08000000000004,15.48312418468775
Western Region,Western Region,Private,8072.5,0.0,0.0,0.0,8072.5,0.0,0.0,2215.55,2215.55,10288.05,78.46482083582409,0.0,0.0,21.535179164175915,100.0,0.0,0.0,0.0,2215.55,21.535179164175915
Western Region,Western Region,Central,2789.37,0.0,0.0,0.0,2789.37,135.57,231.5,0.0,231.5,3156.44,88.37075946319271,7.334211960309715,4.295028576497573,0.0,100.0,0.0,0.0,0.0,367.07,11.62924053680729
Western Region,Western Region,Sub-Total,12701.87,0.0,0.0,0.0,12701.87,135.57,351.5,2432.63,2784.13,15621.57,81.30981713105662,2.2500939406218454,0.8678385079092563,15.57225042041229,100.0,0.0,0.0,0.0,2919.7000000000003,18.690182868943392
Western Region,Western Region,State,10200.0,0.0,672.0,0.0,10872.0,0.0,2850.84,353.21,3204.05,14076.05,77.23757730329176,20.253124988899586,0.0,2.5092977078086536,93.81898454746137,0.0,6.181015452538632,0.0,3204.05,22.76242269670824
Western Region,Western Region,Private,9656.0,0.0,180.0,0.0,9836.0,0.0,481.0,29723.76,30204.76,40040.76,24.564968297305047,1.2012758998580446,0.0,74.2337558028369,98.16998779991867,0.0,1.8300122000813337,0.0,30204.76,75.43503170269494
Western Region,Western Region,Central,4858.24,0.0,2272.73,0.0,7130.97,1068.66,91.5,70.86,162.36,8361.99,85.27838469072555,1.0942371373321422,12.779972231490353,0.8474059404519738,68.12873984885645,0.0,31.87126015114353,0.0,1231.02,14.721615309274465
Western Region,Western Region,Sub-Total,24714.24,0.0,3124.73,0.0,27838.97,1068.66,3423.34,30147.82,33571.16,62478.79,44.55747302404544,5.479203422473451,1.7104364537149328,48.25288709976617,88.77569823883572,0.0,11.224301761164297,0.0,34639.82,55.44252697595455
Western Region,Western Region,Private,200.0,0.0,0.0,0.0,200.0,0.0,0.0,147.15,147.15,347.15,57.61198329252485,0.0,0.0,42.38801670747516,100.0,0.0,0.0,0.0,147.15,42.38801670747516
Western Region,and Diu,Central,387.15,0.0,109.68,0.0,496.83,29.22,0.0,0.0,0.0,526.05,94.44539492443684,0.0,5.55460507556316,0.0,77.92403840347805,0.0,22.07596159652195,0.0,29.22,5.55460507556316
Western Region,and Diu,Sub-Total,587.15,0.0,109.68,0.0,696.83,29.22,0.0,147.15,147.15,873.2,79.80187814933578,0.0,3.346312414109024,16.8518094365552,84.2601495343197,0.0,15.739850465680295,0.0,176.37,20.198121850664222
Western Region,and Diu,Central,2835.45,0.0,197.59,0.0,3033.04,438.0,0.0,0.0,0.0,3471.04,87.38130358624504,0.0,12.618696413754957,0.0,93.48541397409859,0.0,6.514586025901406,0.0,438.0,12.618696413754957
Western Region,and Diu,State,21120.0,900.0,2693.72,0.0,24713.72,0.0,5446.5,15431.41,20877.91,45591.63,54.20670416916439,11.94627171697963,0.0,33.84702411385599,85.45860356109885,3.6417018562968257,10.899694582604317,0.0,20877.91,45.79329583083562
Western Region,Total (Western,Private,30817.17,500.0,3425.0,0.0,34742.17,0.0,481.0,73573.69,74054.69,108796.86,31.933063141711994,0.44210834761223805,0.0,67.62482851067577,88.70249037409005,1.4391732007528604,9.858336425157093,0.0,74054.69,68.066936858288
Western Region,Region),Central,21475.56,0.0,3280.67,0.0,24756.23,3240.0,2166.58,4954.09,7120.67,35116.9,70.49662698017194,6.1696220338355605,9.226326925212646,14.107424060779852,86.74810340669804,0.0,13.251896593301971,0.0,10360.67,29.50337301982806
Western Region,Region),Grand Total,73412.73,1400.0,9399.39,0.0,84212.12,3240.0,8094.08,93959.19,102053.27,189505.39,44.43784949863431,4.27116083611131,1.7097139031243385,49.58127576213003,87.1759670698232,1.6624685377829227,11.161564392393874,0.0,105293.27,55.56215050136568
Southern Region,Southern Region,State,6610.0,0.0,235.4,0.0,6845.4,0.0,1673.6,476.89,2150.49,8995.89,76.09474993580402,18.60405140569749,0.0,5.3011986584984925,96.56119437870687,0.0,3.438805621293131,0.0,2150.49,23.905250064195982
Southern Region,Southern Region,Private,4573.88,0.0,1065.3,36.8,5675.98,0.0,1680.0,12126.48,13806.48,19482.46,29.133795218878927,8.623141020179178,0.0,62.243063760941894,80.58308873533734,0.0,18.768565075986878,0.6483461886757882,13806.48,70.86620478112107
Southern Region,Southern Region,Central,1546.95,180.23,0.0,0.0,1727.18,127.27,0.0,782.06,782.06,2636.51,65.51008719860725,0.0,4.827214764973392,29.662698036419354,89.56507138804294,10.434928611957062,0.0,0.0,909.3299999999999,34.48991280139275
Southern Region,Southern Region,Sub-Total,12730.83,180.23,1300.7,36.8,14248.56,127.27,3353.6,13385.43,16739.03,31114.86,45.79342474946054,10.778129806786852,0.4090328543981879,43.01941258935441,89.34818676413617,1.264899751273111,9.128641771519368,0.258271713071356,16866.3,54.206575250539444
Southern Region,Southern Region,State,9380.0,0.0,0.0,0.0,9380.0,0.0,2479.93,51.81,2531.74,11911.74,78.74584233705572,20.819208612679592,0.0,0.4349490502646968,100.0,0.0,0.0,0.0,2531.74,21.254157662944287
Southern Region,Southern Region,Private,1389.45,0.0,438.7,0.0,1828.15,0.0,0.0,5463.17,5463.17,7291.32,25.07296346889178,0.0,0.0,74.92703653110823,76.00306320597325,0.0,23.996936794026745,0.0,5463.17,74.92703653110823
Southern Region,Southern Region,Central,3166.85,61.3,0.0,0.0,3228.15,148.73,0.0,110.0,110.0,3486.88,92.57989950901666,0.0,4.265417794704721,3.154682696278621,98.10107956569551,1.8989204343044777,0.0,0.0,258.73,7.4201004909833435
Southern Region,Southern Region,Sub-Total,13936.3,61.3,438.7,0.0,14436.3,148.73,2479.93,5624.98,8104.91,22689.94,63.62423170797279,10.929645472839505,0.6554887320107501,24.79063408717696,96.53650866219184,0.4246240380152809,3.038867299792883,0.0,8253.64,36.37576829202722
Southern Region,Southern Region,State,5020.0,0.0,370.05,0.0,5390.05,0.0,3631.6,436.59,4068.19,9458.24,56.98787512264438,38.39614981222722,0.0,4.615975065128396,93.13457203550986,0.0,6.8654279644901255,0.0,4068.19,43.01212487735562
Southern Region,Southern Region,Private,2050.0,0.0,0.0,25.2,2075.2,0.0,0.0,22675.95,22675.95,24751.15,8.384256893114056,0.0,0.0,91.61574310688594,98.78565921356979,0.0,0.0,1.2143407864302236,22675.95,91.61574310688594
Southern Region,Southern Region,Central,2877.8,471.9,0.0,0.0,3349.7,698.0,0.0,640.0,640.0,4687.7,71.4572178253728,0.0,14.890031358662032,13.652750815965186,85.91217123921547,14.087828760784548,0.0,0.0,1338.0,28.542782174627217
Southern Region,Southern Region,Sub-Total,9947.8,471.9,370.05,25.2,10814.95,698.0,3631.6,23752.54,27384.14,38897.09,27.804007960492676,9.336431080062804,1.7944787129319957,61.06508224651254,91.98193241762559,4.3634043615550695,3.4216524348240163,0.233010785995312,28082.14,72.19599203950733
Southern Region,Southern Region,State,0.0,0.0,0.0,159.96,159.96,0.0,2008.15,216.91,2225.06,2385.02,6.706861996964387,84.19845535886492,0.0,9.094682644170698,0.0,0.0,0.0,100.0,2225.06,93.29313800303561
Southern Region,Southern Region,Private,832.5,0.0,0.0,0.0,832.5,0.0,0.0,2618.33,2618.33,3450.83,24.12463088590281,0.0,0.0,75.8753691140972,100.0,0.0,0.0,0.0,2618.33,75.8753691140972
Southern Region,Southern Region,Central,1403.32,314.2,359.58,0.0,2077.1,362.0,0.0,142.0,142.0,2581.1,80.47344155592576,0.0,14.025028088799349,5.501530355274883,67.56150402002791,15.126859563814934,17.311636416157143,0.0,504.0,19.526558444074233
Southern Region,Southern Region,Sub-Total,2235.82,314.2,359.58,159.96,3069.56,362.0,2008.15,2977.24,4985.39,8416.94,36.46883546752145,23.858433112271204,4.300850427827689,35.37199980040251,72.83845241663302,10.235994735401817,11.71438251736405,5.211170330601129,5347.389999999999,63.53128334050141
Southern Region,Southern Region,State,5120.0,0.0,514.08,0.0,5634.08,0.0,2203.2,275.15,2478.35,8112.43,69.44996751898013,27.158323708186078,0.0,3.3917087728337867,90.87552892397694,0.0,9.124471076023061,0.0,2478.35,30.55003248101987
Southern Region,Southern Region,Private,5560.17,250.0,330.5,211.7,6352.37,0.0,0.0,26992.72,26992.72,33345.09,19.050390927120006,0.0,0.0,80.94960907288001,87.52906395565749,3.935539019295161,5.202782583508203,3.3326144415391417,26992.72,80.94960907288001
Southern Region,Southern Region,Central,3025.32,1666.57,0.0,0.0,4691.89,1448.0,0.0,380.56,380.56,6520.45,71.95653674209603,0.0,22.207056261454348,5.836406996449632,64.47977254368709,35.52022745631291,0.0,0.0,1828.56,28.043463257903976
Southern Region,Southern Region,Sub-Total,13705.49,1916.57,844.58,211.7,16678.34,1448.0,2203.2,27648.43,29851.63,47977.97,34.762496203986956,4.592107586044178,3.0180518267029637,57.6273443832659,82.1753843607937,11.491371443441013,5.063933221171892,1.2693109745933948,31299.63,65.23750379601304
Southern Region,Southern Region,State,0.0,0.0,0.0,0.0,0.0,0.0,0.0,0.0,0.0,0.0,,,,,,,,,0.0,
Southern Region,Southern Region,Private,0.0,0.0,0.0,0.0,0.0,0.0,0.0,0.0,0.0,0.0,,,,,,,,,0.0,
Southern Region,Southern Region,Central,0.0,166.0,0.0,0.0,166.0,0.0,0.0,0.0,0.0,166.0,100.0,0.0,0.0,0.0,0.0,100.0,0.0,0.0,0.0,0.0
Southern Region,Southern Region,Sub-Total,0.0,166.0,0.0,0.0,166.0,0.0,0.0,0.0,0.0,166.0,100.0,0.0,0.0,0.0,0.0,100.0,0.0,0.0,0.0,0.0
Southern Region,Southern Region,State,0.0,0.0,32.5,0.0,32.5,0.0,0.0,0.0,0.0,32.5,100.0,0.0,0.0,0.0,0.0,0.0,100.0,0.0,0.0,0.0
Southern Region,Southern Region,Private,0.0,0.0,0.0,0.0,0.0,0.0,0.0,92.51,92.51,92.51,0.0,0.0,0.0,100.0,,,,,92.51,100.0
Southern Region,Southern Region,Central,140.8,111.8,0.0,0.0,252.6,86.0,0.0,0.0,0.0,338.6,74.60129946839929,0.0,25.39870053160071,0.0,55.74030087094221,44.2596991290578,0.0,0.0,86.0,25.39870053160071
Southern Region,Southern Region,Sub-Total,140.8,111.8,32.5,0.0,285.1,86.0,0.0,92.51,92.51,463.61,61.495653674424624,0.0,18.550074415996203,19.954271909579173,49.38618028761838,39.21431076815152,11.399508944230094,0.0,178.51,38.50434632557537
Southern Region,Southern Region,Central,1666.0,418.0,0.0,0.0,2084.0,450.0,0.0,0.0,0.0,2534.0,82.24151539068666,0.0,17.75848460931334,0.0,79.94241842610364,20.057581573896353,0.0,0.0,450.0,17.75848460931334
Southern Region,Southern Region,State,26130.0,0.0,1152.03,159.96,27441.99,0.0,11996.48,1457.35,13453.83,40895.82,67.10218794977091,29.334244917940268,0.0,3.563567132288825,95.21904205926757,0.0,4.198055607483276,0.5829023332491557,13453.83,32.89781205022909
Southern Region,Total (Southern,Private,14406.0,250.0,1834.5,273.7,16764.21,0.0,1680.0,69969.16,71649.16,88413.36,18.961172836322472,1.9001653143823511,0.0,79.13867315980299,85.93306812548876,1.491272180436776,10.94295526004506,1.6326447831421822,71649.16,81.03883847418535
Southern Region,Region),Central,13827.04,3390.0,359.58,0.0,17576.62,3320.0,0.0,2054.62,2054.62,22951.24,76.58244173299568,0.0,14.465449361341696,8.952108905662612,78.667229535599,19.286984642098425,2.0457858223025815,0.0,5374.62,23.417558267004306
Southern Region,Region),Grand Total,54363.04,3640.0,3346.11,433.66,61782.81,3320.0,13676.48,73481.13,87157.61,152260.42,40.57706526751995,8.982294939157528,2.18047474189287,48.26016505142965,87.99055918628498,5.891606419326023,5.415923943893132,0.7019104504958581,90477.61,59.42293473248005
Eastern Region,Eastern Region,State,0.0,0.0,0.0,0.0,0.0,0.0,0.0,70.7,70.7,70.7,0.0,0.0,0.0,100.0,,,,,70.7,100.0
Eastern Region,Eastern Region,Private,700.0,0.0,0.0,0.0,700.0,0.0,0.0,638.6,638.6,1338.6,52.29344090841178,0.0,0.0,47.70655909158823,100.0,0.0,0.0,0.0,638.6,47.70655909158823
Eastern Region,Eastern Region,Central,7274.79,0.0,0.0,0.0,7274.79,0.0,72.88,0.0,72.88,7347.66,99.00825568956647,0.9918804081843744,0.0,0.0,100.0,0.0,0.0,0.0,72.88,0.9918804081843744
Eastern Region,Eastern Region,Sub-Total,7974.79,0.0,0.0,0.0,7974.79,0.0,72.88,709.3,782.18,8756.96,91.06801903857047,0.8322522884654034,0.0,8.099842867844549,100.0,0.0,0.0,0.0,782.18,8.932095156309952
Eastern Region,Eastern Region,State,420.0,0.0,0.0,0.0,420.0,0.0,130.0,0.05,130.05,550.05,76.3566948459231,23.63421507135715,0.0,0.009090082719752752,100.0,0.0,0.0,0.0,130.05,23.643305154076906
Eastern Region,Eastern Region,Private,580.0,0.0,0.0,0.0,580.0,0.0,0.0,338.26,338.26,918.26,63.16293860126761,0.0,0.0,36.83706139873239,100.0,0.0,0.0,0.0,338.26,36.83706139873239
Eastern Region,Eastern Region,Central,3101.28,0.0,0.0,0.0,3101.28,0.0,46.98,4.0,50.98,3152.26,98.38274761599615,1.4903592977736606,0.0,0.12689308623019674,100.0,0.0,0.0,0.0,50.98,1.6172523840038575
Eastern Region,Eastern Region,Sub-Total,4101.28,0.0,0.0,0.0,4101.28,0.0,176.98,342.31,519.3,4620.58,88.7611511974687,3.8302550762025547,0.0,7.408377303282272,100.0,0.0,0.0,0.0,519.29,11.238632379484825
Eastern Region,Eastern Region,State,5470.0,0.0,0.0,0.0,5470.0,0.0,986.0,342.84,1328.84,6798.84,80.4549011301928,14.502473951438773,0.0,5.042624918368427,100.0,0.0,0.0,0.0,1328.84,19.5450988698072
Eastern Region,Eastern Region,Private,2185.0,0.0,0.0,0.0,2185.0,0.0,0.0,446.92,446.92,2631.92,83.01924070640445,0.0,0.0,16.98075929359555,100.0,0.0,0.0,0.0,446.92,16.98075929359555
Eastern Region,Eastern Region,Central,1873.7,0.0,0.0,0.0,1873.7,0.0,497.3,24.1,521.4,2395.1,78.23055404784769,20.76322491753998,0.0,1.0062210346123337,100.0,0.0,0.0,0.0,521.4,21.76944595215231
Eastern Region,Eastern Region,Sub-Total,9528.7,0.0,0.0,0.0,9528.7,0.0,1483.3,813.86,2297.16,11825.86,80.57511250767386,12.54285100618475,0.0,6.882036486141388,100.0,0.0,0.0,0.0,2297.16,19.424887492326135
Eastern Region,Eastern Region,State,0.0,0.0,0.0,0.0,0.0,0.0,0.0,0.0,0.0,0.0,,,,,,,,,0.0,
Eastern Region,Eastern Region,Private,150.0,0.0,0.0,0.0,150.0,0.0,0.0,0.0,0.0,150.0,100.0,0.0,0.0,0.0,100.0,0.0,0.0,0.0,0.0,0.0
Eastern Region,Eastern Region,Central,2887.02,0.0,0.0,0.0,2887.02,0.0,221.26,0.0,221.26,3108.28,92.88159367881916,7.118406321180845,0.0,0.0,100.0,0.0,0.0,0.0,221.26,7.118406321180845
Eastern Region,Eastern Region,Sub-Total,3037.02,0.0,0.0,0.0,3037.02,0.0,221.26,0.0,221.26,3258.28,93.20930061259314,6.790699387406852,0.0,0.0,100.0,0.0,0.0,0.0,221.26,6.790699387406852
Eastern Region,Eastern Region,State,1740.0,0.0,0.0,0.0,1740.0,0.0,2074.22,7.63,2081.85,3821.85,45.52768946975941,54.272668995381814,0.0,0.19964153485877262,100.0,0.0,0.0,0.0,2081.85,54.472310530240584
Eastern Region,Eastern Region,Private,2096.0,0.0,0.0,0.0,2096.0,0.0,0.0,1319.65,1319.65,3415.65,61.36460117400787,0.0,0.0,38.63539882599213,100.0,0.0,0.0,0.0,1319.65,38.63539882599213
Eastern Region,Eastern Region,Central,2136.47,0.0,0.0,0.0,2136.47,0.0,105.01,10.0,115.01,2251.48,94.89180450192761,4.6640432071348625,0.0,0.4441522909375166,100.0,0.0,0.0,0.0,115.01,5.108195498072379
Eastern Region,Eastern Region,Sub-Total,5972.47,0.0,0.0,0.0,5972.47,0.0,2179.23,1337.28,3516.51,9488.98,62.94111695883014,22.965903606077788,0.0,14.092979435092076,100.0,0.0,0.0,0.0,3516.51,37.058883041169864
Eastern Region,Eastern Region,State,0.0,0.0,0.0,0.0,0.0,0.0,360.0,0.0,360.0,360.0,0.0,100.0,0.0,0.0,,,,,360.0,100.0
Eastern Region,Eastern Region,Private,0.0,0.0,0.0,0.0,0.0,0.0,209.0,62.67,271.67,271.67,0.0,76.93157139176205,0.0,23.068428608237934,,,,,271.67,100.0
Eastern Region,Eastern Region,Central,119.1,0.0,0.0,0.0,119.1,0.0,74.27,0.0,74.27,193.37,61.59176707865749,38.4082329213425,0.0,0.0,100.0,0.0,0.0,0.0,74.27,38.4082329213425
Eastern Region,Eastern Region,Sub-Total,119.1,0.0,0.0,0.0,119.1,0.0,643.27,62.67,705.94,825.04,14.43566372539513,77.96834092892466,0.0,7.595995345680211,100.0,0.0,0.0,0.0,705.9399999999999,85.56433627460487
Eastern Region,Eastern Region,Central,2274.33,0.0,0.0,0.0,2274.33,0.0,85.5,0.0,85.5,2359.83,96.37685765500056,3.623142344999428,0.0,0.0,100.0,0.0,0.0,0.0,85.5,3.623142344999428
Eastern Region,Eastern Region,State,7630.0,0.0,0.0,0.0,7630.0,0.0,3550.22,421.22,3971.44,11601.44,65.76769780303134,30.601546014977448,0.0,3.6307561819912006,100.0,0.0,0.0,0.0,3971.4399999999996,34.23230219696865
Eastern Region,Total (Eastern,Private,5711.0,0.0,0.0,0.0,5711.0,0.0,209.0,2806.1,3015.1,8726.1,65.44733615246216,2.395113510044579,0.0,32.15755033749326,100.0,0.0,0.0,0.0,3015.1,34.55266384753784
Eastern Region,Total (Eastern,Central,19666.68,0.0,0.0,0.0,19666.68,0.0,1103.2,38.1,1141.3,20807.98,94.51508507793645,5.301812093244996,0.0,0.18310282881855905,100.0,0.0,0.0,0.0,1141.3,5.484914922063554
Eastern Region,Total (Eastern,Grand Total,33007.68,0.0,0.0,0.0,33007.68,0.0,4862.42,3265.42,8127.84,41135.52,80.24130970022988,11.82048993181562,0.0,7.938200367954508,100.0,0.0,0.0,0.0,8127.84,19.758690299770127
North Eastern Region,North Eastern Region,State,0.0,0.0,306.36,0.0,306.36,0.0,100.0,5.01,105.01,411.37,74.47310207355909,24.309016214113814,0.0,1.217881712327102,0.0,0.0,100.0,0.0,105.01,25.526897926440917
North Eastern Region,North Eastern Region,Private,0.0,0.0,0.0,0.0,0.0,0.0,0.0,675.66,675.66,675.66,0.0,0.0,0.0,100.0,,,,,675.66,100.0
North Eastern Region,North Eastern Region,Central,695.52,0.0,435.56,0.0,1131.08,0.0,534.1,97.75,631.85,1762.92,64.15946270959545,30.29632654913439,0.0,5.544777981984435,61.49167167662765,0.0,38.50832832337235,0.0,631.85,35.84110453111883
North Eastern Region,North Eastern Region,Sub-Total,695.52,0.0,741.92,0.0,1437.43,0.0,634.1,778.41,1412.51,2849.94,50.4372021867127,22.24959121946427,0.0,27.313206593823026,48.38635620517173,0.0,51.61433948087907,0.0,1412.51,49.5627978132873
North Eastern Region,North Eastern Region,State,0.0,0.0,0.0,0.0,0.0,0.0,0.0,143.36,143.36,143.36,0.0,0.0,0.0,100.0,,,,,143.36,100.0
North Eastern Region,North Eastern Region,Private,0.0,0.0,0.0,0.0,0.0,0.0,0.0,12.97,12.97,12.97,0.0,0.0,0.0,100.0,,,,,12.97,100.0
North Eastern Region,North Eastern Region,Central,37.05,0.0,46.82,0.0,83.87,0.0,713.19,0.0,713.19,797.06,10.52241989310717,89.47758010689284,0.0,0.0,44.17550971741981,0.0,55.824490282580186,0.0,713.19,89.47758010689284
North Eastern Region,North Eastern Region,Sub-Total,37.05,0.0,46.82,0.0,83.87,0.0,713.19,156.33,869.52,953.39,8.797029547194747,74.80569336787674,0.0,16.39727708492852,44.17550971741981,0.0,55.824490282580186,0.0,869.5200000000001,91.20297045280526
North Eastern Region,North Eastern Region,State,0.0,0.0,0.0,0.0,0.0,0.0,322.0,55.03,377.03,377.03,0.0,85.40434448187148,0.0,14.595655518128533,,,,,377.03,100.0
North Eastern Region,North Eastern Region,Private,0.0,0.0,0.0,0.0,0.0,0.0,0.0,18.08,18.08,18.08,0.0,0.0,0.0,100.0,,,,,18.08,100.0
North Eastern Region,North Eastern Region,Central,51.6,0.0,109.69,0.0,161.29,0.0,119.6,0.0,119.6,280.89,57.42105450532237,42.57894549467763,0.0,0.0,31.992063984127974,0.0,68.00793601587203,0.0,119.6,42.57894549467763
North Eastern Region,North Eastern Region,Sub-Total,51.6,0.0,109.69,0.0,161.29,0.0,441.6,73.11,514.71,676.0,23.8594674556213,65.32544378698225,0.0,10.81508875739645,31.992063984127974,0.0,68.00793601587203,0.0,514.71,76.1405325443787
North Eastern Region,North Eastern Region,State,0.0,0.0,105.0,0.0,105.0,0.0,0.0,0.0,0.0,105.0,100.0,0.0,0.0,0.0,0.0,0.0,100.0,0.0,0.0,0.0
North Eastern Region,North Eastern Region,Private,0.0,0.0,0.0,0.0,0.0,0.0,0.0,53.81,53.81,53.81,0.0,0.0,0.0,100.0,,,,,53.81,100.0
North Eastern Region,North Eastern Region,Central,106.0,0.0,381.94,0.0,487.94,0.0,92.57,5.25,97.82,585.76,83.30032777929529,15.803400710188473,0.0,0.8962715105162524,21.72398245685945,0.0,78.27601754314055,0.0,97.82,16.699672220704727
North Eastern Region,North Eastern Region,Sub-Total,106.0,0.0,486.94,0.0,592.94,0.0,92.57,59.05,151.62,744.56,79.63629526163103,12.432846244762006,0.0,7.930858493606962,17.877019597261103,0.0,82.12298040273889,0.0,151.62,20.36370473836897
North Eastern Region,North Eastern Region,State,0.0,0.0,0.0,36.0,36.0,0.0,0.0,0.72,0.72,36.72,98.03921568627452,0.0,0.0,1.9607843137254901,0.0,0.0,0.0,100.0,0.72,1.9607843137254901
North Eastern Region,North Eastern Region,Private,0.0,0.0,0.0,0.0,0.0,0.0,0.0,22.3,22.3,22.3,0.0,0.0,0.0,100.0,,,,,22.3,100.0
North Eastern Region,North Eastern Region,Central,47.1,0.0,81.58,0.0,128.68,0.0,108.72,0.0,108.72,237.4,54.2038753159225,45.796124684077505,0.0,0.0,36.602424619210446,0.0,63.39757538078955,0.0,108.72,45.796124684077505
North Eastern Region,North Eastern Region,Sub-Total,47.1,0.0,81.58,36.0,164.68,0.0,108.72,23.01,131.73,296.41,55.55817954859822,36.67892446273742,0.0,7.762895988664351,28.600923002186057,0.0,49.53849890697109,21.860578090842846,131.73,44.44182045140177
North Eastern Region,North Eastern Region,State,0.0,0.0,0.0,0.0,0.0,0.0,0.0,35.07,35.07,35.07,0.0,0.0,0.0,100.0,,,,,35.07,100.0
North Eastern Region,North Eastern Region,Private,0.0,0.0,0.0,0.0,0.0,0.0,0.0,3.68,3.68,3.68,0.0,0.0,0.0,100.0,,,,,3.68,100.0
North Eastern Region,North Eastern Region,Central,32.1,0.0,73.93,0.0,106.03,0.0,80.69,0.0,80.69,186.72,56.78556126820909,43.21443873179091,0.0,0.0,30.274450627180986,0.0,69.72554937281902,0.0,80.69,43.21443873179091
North Eastern Region,North Eastern Region,Sub-Total,32.1,0.0,73.93,0.0,106.03,0.0,80.69,38.75,119.44,225.47,47.02621191289307,35.78746618175367,0.0,17.186321905353264,30.274450627180986,0.0,69.72554937281902,0.0,119.44,52.97378808710693
North Eastern Region,North Eastern Region,State,0.0,0.0,0.0,0.0,0.0,0.0,0.0,0.0,0.0,0.0,,,,,,,,,0.0,
North Eastern Region,North Eastern Region,Private,0.0,0.0,0.0,0.0,0.0,0.0,0.0,79.89,79.89,79.89,0.0,0.0,0.0,100.0,,,,,79.89,100.0
North Eastern Region,North Eastern Region,Central,31.05,0.0,60.46,0.0,91.51,0.0,111.74,0.0,111.74,203.25,45.023370233702344,54.976629766297656,0.0,0.0,33.930717954321935,0.0,66.06928204567807,0.0,111.74,54.976629766297656
North Eastern Region,North Eastern Region,Sub-Total,31.05,0.0,60.46,0.0,91.51,0.0,111.74,79.89,191.63,283.14,32.31970050151869,39.46457582821219,0.0,28.215723670269128,33.930717954321935,0.0,66.06928204567807,0.0,191.63,67.68029949848132
North Eastern Region,North Eastern Region,Central,112.6,0.0,63.62,0.0,176.22,0.0,289.4,0.0,289.4,465.62,37.84631244362355,62.15368755637643,0.0,0.0,63.89740097605265,0.0,36.102599023947334,0.0,289.4,62.15368755637643
North Eastern Region,North Eastern Region,State,0.0,0.0,411.36,36.0,447.36,0.0,422.0,239.19,661.19,1108.54,40.355783282515745,38.06808955924008,0.0,21.577029245674492,0.0,0.0,91.95278969957081,8.047210300429185,661.19,59.645118804914574
North Eastern Region,Total (North-,Private,0.0,0.0,0.0,0.0,0.0,0.0,0.0,866.37,866.37,866.37,0.0,0.0,0.0,100.0,,,,,866.37,100.0
North Eastern Region,Eastern Region),Central,1113.02,0.0,1253.6,0.0,2366.62,0.0,2050.01,102.99,2153.0,4519.62,52.36325177780433,45.358016824423295,0.0,2.278731397772379,47.02994143546493,0.0,52.97005856453507,0.0,2153.0,47.63674822219567
North Eastern Region,Eastern Region),Grand Total,1113.02,0.0,1664.96,36.0,2813.97,0.0,2472.01,1208.55,3680.56,6494.53,43.32830859199973,38.06295451710901,0.0,18.608736890891258,39.553371215755675,0.0,59.16765281790496,1.2793313361549696,3680.5600000000004,56.67169140800028
Islands,Islands,State,0.0,0.0,0.0,57.52,57.52,0.0,0.0,5.25,5.25,62.77,91.63613191014815,0.0,0.0,8.36386808985184,0.0,0.0,0.0,100.0,5.25,8.36386808985184
Islands,Islands,Private,0.0,0.0,0.0,35.19,35.19,0.0,0.0,27.82,27.82,63.01,55.848278051102994,0.0,0.0,44.151721948897006,0.0,0.0,0.0,100.0,27.82,44.151721948897006
Islands,Islands,Central,0.0,0.0,0.0,0.0,0.0,0.0,0.0,5.0,5.0,5.0,0.0,0.0,0.0,100.0,,,,,5.0,100.0
Islands,Islands,Sub-Total,0.0,0.0,0.0,92.71,92.71,0.0,0.0,38.07,38.07,130.78,70.89004434928887,0.0,0.0,29.109955650711118,0.0,0.0,0.0,100.0,38.07,29.109955650711118
Islands,Islands,State,0.0,0.0,0.0,26.83,26.83,0.0,0.0,0.0,0.0,26.83,100.0,0.0,0.0,0.0,0.0,0.0,0.0,100.0,0.0,0.0
Islands,Islands,Private,0.0,0.0,0.0,0.0,0.0,0.0,0.0,9.27,9.27,9.27,0.0,0.0,0.0,100.0,,,,,9.27,100.0
Islands,Islands,Central,0.0,0.0,0.0,0.0,0.0,0.0,0.0,0.0,0.0,0.0,,,,,,,,,0.0,
Islands,Islands,Sub-Total,0.0,0.0,0.0,26.83,26.83,0.0,0.0,9.27,9.27,36.1,74.32132963988919,0.0,0.0,25.6786703601108,0.0,0.0,0.0,100.0,9.27,25.6786703601108
Islands,Islands,State,0.0,0.0,0.0,84.35,84.35,0.0,0.0,5.25,5.25,89.6,94.140625,0.0,0.0,5.859375000000001,0.0,0.0,0.0,100.0,5.25,5.859375000000001
Islands,Islands,Private,0.0,0.0,0.0,35.19,35.19,0.0,0.0,37.09,37.09,72.28,48.68566685113447,0.0,0.0,51.31433314886553,0.0,0.0,0.0,100.0,37.09,51.31433314886553
Islands,Islands,Grand Total,0.0,0.0,0.0,119.54,119.54,0.0,0.0,47.34,47.34,166.88,71.63231064237776,0.0,0.0,28.367689357622243,0.0,0.0,0.0,100.0,47.34,28.367689357622243
