Region,State_UT,Sector,Coal_MW,Lignite_MW,Gas_MW,Diesel_MW,Thermal_Total_MW,Nuclear_MW,Hydro_MW,RES_MNRE_MW,Total_RES_incl_Hydro_MW,Grand_Total_MW
Northern Region,Northern Region,State,0.0,0.0,1800.4,0.0,1800.4,0.0,0.0,0.0,0.0,1800.4
Northern Region,Northern Region,Private,878.22,0.0,0.0,0.0,878.22,0.0,0.0,546.1,546.1,1424.32
Northern Region,Northern Region,Central,2786.14,0.0,207.01,0.0,2993.16,153.38,1178.01,0.37,1178.38,4324.92
Northern Region,Northern Region,Sub-Total,3664.36,0.0,2007.41,0.0,5671.78,153.38,1178.01,546.47,1724.48,7549.64
Northern Region,Northern Region,State,2510.0,0.0,150.0,0.0,2660.0,0.0,200.0,142.6,342.6,3002.6
Northern Region,Northern Region,Private,4561.78,0.0,0.0,0.0,4561.78,0.0,539.0,3113.24,3652.24,8214.02
Northern Region,Northern Region,Central,1610.81,0.0,431.59,0.0,2042.4,123.04,1702.12,5.0,1707.12,3872.56
Northern Region,Northern Region,Sub-Total,8682.59,0.0,581.59,0.0,9264.18,123.04,2441.12,3260.84,5701.96,15089.18
Northern Region,Northern Region,State,0.0,0.0,0.0,0.0,0.0,0.0,905.59,262.91,1168.5,1168.5
Northern Region,Northern Region,Private,0.0,0.0,0.0,0.0,0.0,0.0,1609.4,1145.04,2754.44,2754.44
Northern Region,Northern Region,Central,144.67,0.0,0.0,0.0,144.67,42.22,1432.02,1.0,1433.02,1619.92
Northern Region,Northern Region,Sub-Total,144.67,0.0,0.0,0.0,144.67,42.22,3947.01,1408.95,5355.96,5542.86
Northern Region,Northern Region,State,0.0,0.0,0.0,0.0,0.0,0.0,1230.0,142.97,1372.97,1372.97
Northern Region,Northern Region,Private,0.0,0.0,0.0,0.0,0.0,0.0,0.0,284.43,284.43,284.43
Northern Region,Ladakh,Central,577.1,0.0,129.07,0.0,706.18,95.13,1115.88,0.0,1115.88,1917.19
Northern Region,Ladakh,Sub-Total,577.1,0.0,129.07,0.0,706.18,95.13,2345.88,427.4,2773.28,3574.58
Northern Region,Ladakh,State,2300.0,0.0,150.0,0.0,2450.0,0.0,1243.4,135.3,1378.7,3828.7
Northern Region,Ladakh,Private,4474.0,0.0,0.0,0.0,4474.0,0.0,288.0,2226.58,2514.58,6988.58
Northern Region,Ladakh,Central,1476.0,0.0,0.0,0.0,1476.0,229.09,2296.04,0.0,2296.04,4001.12
Northern Region,Ladakh,Sub-Total,8250.0,0.0,150.0,0.0,8400.0,229.09,3827.44,2361.88,6189.32,14818.41
Northern Region,Ladakh,State,7580.0,250.0,603.5,0.0,8433.5,0.0,434.5,184.2,618.7,9052.2
Northern Region,Ladakh,Private,3301.0,1080.0,0.0,0.0,4381.0,0.0,104.0,44287.82,44391.82,48772.82
Northern Region,Ladakh,Central,1491.64,250.0,171.13,0.0,1912.77,806.74,1665.17,5450.82,7115.99,9835.5
Northern Region,Ladakh,Sub-Total,12372.64,1580.0,774.63,0.0,14727.27,806.74,2203.67,49922.84,52126.51,67660.52
Northern Region,Ladakh,State,9115.0,0.0,0.0,0.0,9115.0,0.0,724.1,21.13,745.23,9860.23
Northern Region,Ladakh,Private,8814.33,0.0,0.0,0.0,8814.33,0.0,842.4,7816.73,8659.13,17473.46
Northern Region,Ladakh,Central,8238.19,0.0,1029.51,0.0,9267.7,370.45,2108.52,567.06,2675.58,12313.73
Northern Region,Ladakh,Sub-Total,26167.52,0.0,1029.51,0.0,27197.03,370.45,3675.02,8404.92,12079.94,39647.42
Northern Region,Ladakh,State,0.0,0.0,0.0,0.0,0.0,0.0,1372.15,3.1,1375.25,1375.25
Northern Region,Ladakh,Private,99.0,0.0,664.0,0.0,763.0,0.0,248.2,1281.85,1530.05,2293.05
Northern Region,Ladakh,Central,554.63,0.0,69.66,0.0,624.29,47.51,743.5,2.24,745.74,1417.53
Northern Region,Ladakh,Sub-Total,653.63,0.0,733.66,0.0,1387.29,47.51,2363.85,1287.18,3651.03,5085.83
Northern Region,Ladakh,State,0.0,0.0,0.0,0.0,0.0,0.0,0.0,0.0,0.0,0.0
Northern Region,Ladakh,Private,0.0,0.0,0.0,0.0,0.0,0.0,0.0,78.85,78.85,78.85
Northern Region,Ladakh,Central,44.86,0.0,15.03,0.0,59.88,10.41,106.21,0.0,106.21,176.5
Northern Region,Ladakh,Sub-Total,44.86,0.0,15.03,0.0,59.88,10.41,106.21,78.85,185.06,255.35
Northern Region,Ladakh,Central,1703.67,0.0,291.05,0.0,1994.72,342.03,871.45,0.0,871.45,3208.21
Northern Region,Ladakh,State,21505.0,250.0,2703.9,0.0,24458.9,0.0,6109.74,892.21,7001.95,31460.85
Northern Region,Total (Northern,Private,22128.33,1080.0,664.0,0.0,23872.33,0.0,3631.0,60780.64,64411.64,88283.97
Northern Region,Region),Central,18627.71,250.0,2344.06,0.0,21221.77,2220.0,13218.93,6026.49,19245.42,42687.19
Northern Region,Region),Grand Total,62261.04,1580.0,5711.96,0.0,69553.0,2220.0,22959.67,67699.34,90659.01,162432.01
Western Region,Western Region,State,0.0,0.0,0.0,0.0,0.0,0.0,0.0,0.0,0.0,0.0
Western Region,Western Region,Private,0.0,0.0,0.0,0.0,0.0,0.0,0.0,96.7,96.7,96.7
Western Region,Western Region,Central,492.27,0.0,19.67,0.0,511.94,41.68,6.0,1.0,7.0,560.62
Western Region,Western Region,Sub-Total,492.27,0.0,19.67,0.0,511.94,41.68,6.0,97.7,103.7,657.32
Western Region,Western Region,State,4510.0,900.0,2021.72,0.0,7431.72,0.0,772.0,14692.57,15464.57,22896.29
Western Region,Western Region,Private,7144.67,500.0,3170.0,0.0,10814.67,0.0,0.0,31929.58,31929.58,42744.25
Western Region,Western Region,Central,4926.49,0.0,424.0,0.0,5350.49,1034.89,265.08,3998.03,4263.11,10648.49
Western Region,Western Region,Sub-Total,16581.16,1400.0,5615.72,0.0,23596.88,1034.89,1037.08,50620.17,51657.25,76289.02
Western Region,Western Region,State,4570.0,0.0,0.0,0.0,4570.0,0.0,1703.66,168.56,1872.22,6442.22
Western Region,Western Region,Private,5744.0,0.0,75.0,0.0,5819.0,0.0,0.0,9460.95,9460.95,15279.95
Western Region,Western Region,Central,5186.6,0.0,257.0,0.0,5443.6,491.98,1572.5,884.2,2456.7,8392.28
Western Region,Western Region,Sub-Total,15500.6,0.0,332.0,0.0,15832.6,491.98,3276.16,10513.71,13789.87,30114.45
Western Region,Western Region,State,1840.0,0.0,0.0,0.0,1840.0,0.0,120.0,217.08,337.08,2177.08
Western Region,Western Region,Private,8072.5,0.0,0.0,0.0,8072.5,0.0,0.0,2215.55,2215.55,10288.05
Western Region,Western Region,Central,2789.37,0.0,0.0,0.0,2789.37,135.57,231.5,0.0,231.5,3156.44
Western Region,Western Region,Sub-Total,12701.87,0.0,0.0,0.0,12701.87,135.57,351.5,2432.63,2784.13,15621.57
Western Region,Western Region,State,10200.0,0.0,672.0,0.0,10872.0,0.0,2850.84,353.21,3204.05,14076.05
Western Region,Western Region,Private,9656.0,0.0,180.0,0.0,9836.0,0.0,481.0,29723.76,30204.76,40040.76
Western Region,Western Region,Central,4858.24,0.0,2272.73,0.0,7130.97,1068.66,91.5,70.86,162.36,8361.99
Western Region,Western Region,Sub-Total,24714.24,0.0,3124.73,0.0,27838.97,1068.66,3423.34,30147.82,33571.16,62478.79
Western Region,Western Region,State,0.0,0.0,0.0,0.0,0.0,0.0,0.0,0.0,0.0,0.0
Western Region,Western Region,Private,200.0,0.0,0.0,0.0,200.0,0.0,0.0,147.15,147.15,347.15
Western Region,and Diu,Central,387.15,0.0,109.68,0.0,496.83,29.22,0.0,0.0,0.0,526.05
Western Region,and Diu,Sub-Total,587.15,0.0,109.68,0.0,696.83,29.22,0.0,147.15,147.15,873.2
Western Region,and Diu,Central,2835.45,0.0,197.59,0.0,3033.04,438.0,0.0,0.0,0.0,3471.04
Western Region,and Diu,State,21120.0,900.0,2693.72,0.0,24713.72,0.0,5446.5,15431.41,20877.91,45591.63
Western Region,Total (Western,Private,30817.17,500.0,3425.0,0.0,34742.17,0.0,481.0,73573.69,74054.69,108796.86
Western Region,Region),Central,21475.56,0.0,3280.67,0.0,24756.23,3240.0,2166.58,4954.09,7120.67,35116.9
Western Region,Region),Grand Total,73412.73,1400.0,9399.39,0.0,84212.12,3240.0,8094.08,93959.19,102053.27,189505.39
Southern Region,Southern Region,State,6610.0,0.0,235.4,0.0,6845.4,0.0,1673.6,476.89,2150.49,8995.89
Southern Region,Southern Region,Private,4573.88,0.0,1065.3,36.8,5675.98,0.0,1680.0,12126.48,13806.48,19482.46
Southern Region,Southern Region,Central,1546.95,180.23,0.0,0.0,1727.18,127.27,0.0,782.06,782.06,2636.51
Southern Region,Southern Region,Sub-Total,12730.83,180.23,1300.7,36.8,14248.56,127.27,3353.6,13385.43,16739.03,31114.86
Southern Region,Southern Region,State,9380.0,0.0,0.0,0.0,9380.0,0.0,2479.93,51.81,2531.74,11911.74
Southern Region,Southern Region,Private,1389.45,0.0,438.7,0.0,1828.15,0.0,0.0,5463.17,5463.17,7291.32
Southern Region,Southern Region,Central,3166.85,61.3,0.0,0.0,3228.15,148.73,0.0,110.0,110.0,3486.88
Southern Region,Southern Region,Sub-Total,13936.3,61.3,438.7,0.0,14436.3,148.73,2479.93,5624.98,8104.91,22689.94
Southern Region,Southern Region,State,5020.0,0.0,370.05,0.0,5390.05,0.0,3631.6,436.59,4068.19,9458.24
Southern Region,Southern Region,Private,2050.0,0.0,0.0,25.2,2075.2,0.0,0.0,22675.95,22675.95,24751.15
Southern Region,Southern Region,Central,2877.8,471.9,0.0,0.0,3349.7,698.0,0.0,640.0,640.0,4687.7
Southern Region,Southern Region,Sub-Total,9947.8,471.9,370.05,25.2,10814.95,698.0,3631.6,23752.54,27384.14,38897.09
Southern Region,Southern Region,State,0.0,0.0,0.0,159.96,159.96,0.0,2008.15,216.91,2225.06,2385.02
Southern Region,Southern Region,Private,832.5,0.0,0.0,0.0,832.5,0.0,0.0,2618.33,2618.33,3450.83
Southern Region,Southern Region,Central,1403.32,314.2,359.58,0.0,2077.1,362.0,0.0,142.0,142.0,2581.1
Southern Region,Southern Region,Sub-Total,2235.82,314.2,359.58,159.96,3069.56,362.0,2008.15,2977.24,4985.39,8416.94
Southern Region,Southern Region,State,5120.0,0.0,514.08,0.0,5634.08,0.0,2203.2,275.15,2478.35,8112.43
Southern Region,Southern Region,Private,5560.17,250.0,330.5,211.7,6352.37,0.0,0.0,26992.72,26992.72,33345.09
Southern Region,Southern Region,Central,3025.32,1666.57,0.0,0.0,4691.89,1448.0,0.0,380.56,380.56,6520.45
Southern Region,Southern Region,Sub-Total,13705.49,1916.57,844.58,211.7,16678.34,1448.0,2203.2,27648.43,29851.63,47977.97
Southern Region,Southern Region,State,0.0,0.0,0.0,0.0,0.0,0.0,0.0,0.0,0.0,0.0
Southern Region,Southern Region,Private,0.0,0.0,0.0,0.0,0.0,0.0,0.0,0.0,0.0,0.0
Southern Region,Southern Region,Central,0.0,166.0,0.0,0.0,166.0,0.0,0.0,0.0,0.0,166.0
Southern Region,Southern Region,Sub-Total,0.0,166.0,0.0,0.0,166.0,0.0,0.0,0.0,0.0,166.0
Southern Region,Southern Region,State,0.0,0.0,32.5,0.0,32.5,0.0,0.0,0.0,0.0,32.5
Southern Region,Southern Region,Private,0.0,0.0,0.0,0.0,0.0,0.0,0.0,92.51,92.51,92.51
Southern Region,Southern Region,Central,140.8,111.8,0.0,0.0,252.6,86.0,0.0,0.0,0.0,338.6
Southern Region,Southern Region,Sub-Total,140.8,111.8,32.5,0.0,285.1,86.0,0.0,92.51,92.51,463.61
Southern Region,Southern Region,Central,1666.0,418.0,0.0,0.0,2084.0,450.0,0.0,0.0,0.0,2534.0
Southern Region,Southern Region,State,26130.0,0.0,1152.03,159.96,27441.99,0.0,11996.48,1457.35,13453.83,40895.82
Southern Region,Total (Southern,Private,14406.0,250.0,1834.5,273.7,16764.21,0.0,1680.0,69969.16,71649.16,88413.36
Southern Region,Region),Central,13827.04,3390.0,359.58,0.0,17576.62,3320.0,0.0,2054.62,2054.62,22951.24
Southern Region,Region),Grand Total,54363.04,3640.0,3346.11,433.66,61782.81,3320.0,13676.48,73481.13,87157.61,152260.42
Eastern Region,Eastern Region,State,0.0,0.0,0.0,0.0,0.0,0.0,0.0,70.7,70.7,70.7
Eastern Region,Eastern Region,Private,700.0,0.0,0.0,0.0,700.0,0.0,0.0,638.6,638.6,1338.6
Eastern Region,Eastern Region,Central,7274.79,0.0,0.0,0.0,7274.79,0.0,72.88,0.0,72.88,7347.66
Eastern Region,Eastern Region,Sub-Total,7974.79,0.0,0.0,0.0,7974.79,0.0,72.88,709.3,782.18,8756.96
Eastern Region,Eastern Region,State,420.0,0.0,0.0,0.0,420.0,0.0,130.0,0.05,130.05,550.05
Eastern Region,Eastern Region,Private,580.0,0.0,0.0,0.0,580.0,0.0,0.0,338.26,338.26,918.26
Eastern Region,Eastern Region,Central,3101.28,0.0,0.0,0.0,3101.28,0.0,46.98,4.0,50.98,3152.26
Eastern Region,Eastern Region,Sub-Total,4101.28,0.0,0.0,0.0,4101.28,0.0,176.98,342.31,519.3,4620.58
Eastern Region,Eastern Region,State,5470.0,0.0,0.0,0.0,5470.0,0.0,986.0,342.84,1328.84,6798.84
Eastern Region,Eastern Region,Private,2185.0,0.0,0.0,0.0,2185.0,0.0,0.0,446.92,446.92,2631.92
Eastern Region,Eastern Region,Central,1873.7,0.0,0.0,0.0,1873.7,0.0,497.3,24.1,521.4,2395.1
Eastern Region,Eastern Region,Sub-Total,9528.7,0.0,0.0,0.0,9528.7,0.0,1483.3,813.86,2297.16,11825.86
Eastern Region,Eastern Region,State,0.0,0.0,0.0,0.0,0.0,0.0,0.0,0.0,0.0,0.0
Eastern Region,Eastern Region,Private,150.0,0.0,0.0,0.0,150.0,0.0,0.0,0.0,0.0,150.0
Eastern Region,Eastern Region,Central,2887.02,0.0,0.0,0.0,2887.02,0.0,221.26,0.0,221.26,3108.28
Eastern Region,Eastern Region,Sub-Total,3037.02,0.0,0.0,0.0,3037.02,0.0,221.26,0.0,221.26,3258.28
Eastern Region,Eastern Region,State,1740.0,0.0,0.0,0.0,1740.0,0.0,2074.22,7.63,2081.85,3821.85
Eastern Region,Eastern Region,Private,2096.0,0.0,0.0,0.0,2096.0,0.0,0.0,1319.65,1319.65,3415.65
Eastern Region,Eastern Region,Central,2136.47,0.0,0.0,0.0,2136.47,0.0,105.01,10.0,115.01,2251.48
Eastern Region,Eastern Region,Sub-Total,5972.47,0.0,0.0,0.0,5972.47,0.0,2179.23,1337.28,3516.51,9488.98
Eastern Region,Eastern Region,State,0.0,0.0,0.0,0.0,0.0,0.0,360.0,0.0,360.0,360.0
Eastern Region,Eastern Region,Private,0.0,0.0,0.0,0.0,0.0,0.0,209.0,62.67,271.67,271.67
Eastern Region,Eastern Region,Central,119.1,0.0,0.0,0.0,119.1,0.0,74.27,0.0,74.27,193.37
Eastern Region,Eastern Region,Sub-Total,119.1,0.0,0.0,0.0,119.1,0.0,643.27,62.67,705.94,825.04
Eastern Region,Eastern Region,Central,2274.33,0.0,0.0,0.0,2274.33,0.0,85.5,0.0,85.5,2359.83
Eastern Region,Eastern Region,State,7630.0,0.0,0.0,0.0,7630.0,0.0,3550.22,421.22,3971.44,11601.44
Eastern Region,Total (Eastern,Private,5711.0,0.0,0.0,0.0,5711.0,0.0,209.0,2806.1,3015.1,8726.1
Eastern Region,Total (Eastern,Central,19666.68,0.0,0.0,0.0,19666.68,0.0,1103.2,38.1,1141.3,20807.98
Eastern Region,Total (Eastern,Grand Total,33007.68,0.0,0.0,0.0,33007.68,0.0,4862.42,3265.42,8127.84,41135.52
North Eastern Region,North Eastern Region,State,0.0,0.0,306.36,0.0,306.36,0.0,100.0,5.01,105.01,411.37
North Eastern Region,North Eastern Region,Private,0.0,0.0,0.0,0.0,0.0,0.0,0.0,675.66,675.66,675.66
North Eastern Region,North Eastern Region,Central,695.52,0.0,435.56,0.0,1131.08,0.0,534.1,97.75,631.85,1762.92
North Eastern Region,North Eastern Region,Sub-Total,695.52,0.0,741.92,0.0,1437.43,0.0,634.1,778.41,1412.51,2849.94
North Eastern Region,North Eastern Region,State,0.0,0.0,0.0,0.0,0.0,0.0,0.0,143.36,143.36,143.36
North Eastern Region,North Eastern Region,Private,0.0,0.0,0.0,0.0,0.0,0.0,0.0,12.97,12.97,12.97
North Eastern Region,North Eastern Region,Central,37.05,0.0,46.82,0.0,83.87,0.0,713.19,0.0,713.19,797.06
North Eastern Region,North Eastern Region,Sub-Total,37.05,0.0,46.82,0.0,83.87,0.0,713.19,156.33,869.52,953.39
North Eastern Region,North Eastern Region,State,0.0,0.0,0.0,0.0,0.0,0.0,322.0,55.03,377.03,377.03
North Eastern Region,North Eastern Region,Private,0.0,0.0,0.0,0.0,0.0,0.0,0.0,18.08,18.08,18.08
North Eastern Region,North Eastern Region,Central,51.6,0.0,109.69,0.0,161.29,0.0,119.6,0.0,119.6,280.89
North Eastern Region,North Eastern Region,Sub-Total,51.6,0.0,109.69,0.0,161.29,0.0,441.6,73.11,514.71,676.0
North Eastern Region,North Eastern Region,State,0.0,0.0,105.0,0.0,105.0,0.0,0.0,0.0,0.0,105.0
North Eastern Region,North Eastern Region,Private,0.0,0.0,0.0,0.0,0.0,0.0,0.0,53.81,53.81,53.81
North Eastern Region,North Eastern Region,Central,106.0,0.0,381.94,0.0,487.94,0.0,92.57,5.25,97.82,585.76
North Eastern Region,North Eastern Region,Sub-Total,106.0,0.0,486.94,0.0,592.94,0.0,92.57,59.05,151.62,744.56
North Eastern Region,North Eastern Region,State,0.0,0.0,0.0,36.0,36.0,0.0,0.0,0.72,0.72,36.72
North Eastern Region,North Eastern Region,Private,0.0,0.0,0.0,0.0,0.0,0.0,0.0,22.3,22.3,22.3
North Eastern Region,North Eastern Region,Central,47.1,0.0,81.58,0.0,128.68,0.0,108.72,0.0,108.72,237.4
North Eastern Region,North Eastern Region,Sub-Total,47.1,0.0,81.58,36.0,164.68,0.0,108.72,23.01,131.73,296.41
North Eastern Region,North Eastern Region,State,0.0,0.0,0.0,0.0,0.0,0.0,0.0,35.07,35.07,35.07
North Eastern Region,North Eastern Region,Private,0.0,0.0,0.0,0.0,0.0,0.0,0.0,3.68,3.68,3.68
North Eastern Region,North Eastern Region,Central,32.1,0.0,73.93,0.0,106.03,0.0,80.69,0.0,80.69,186.72
North Eastern Region,North Eastern Region,Sub-Total,32.1,0.0,73.93,0.0,106.03,0.0,80.69,38.75,119.44,225.47
North Eastern Region,North Eastern Region,State,0.0,0.0,0.0,0.0,0.0,0.0,0.0,0.0,0.0,0.0
North Eastern Region,North Eastern Region,Private,0.0,0.0,0.0,0.0,0.0,0.0,0.0,79.89,79.89,79.89
North Eastern Region,North Eastern Region,Central,31.05,0.0,60.46,0.0,91.51,0.0,111.74,0.0,111.74,203.25
North Eastern Region,North Eastern Region,Sub-Total,31.05,0.0,60.46,0.0,91.51,0.0,111.74,79.89,191.63,283.14
North Eastern Region,North Eastern Region,Central,112.6,0.0,63.62,0.0,176.22,0.0,289.4,0.0,289.4,465.62
North Eastern Region,North Eastern Region,State,0.0,0.0,411.36,36.0,447.36,0.0,422.0,239.19,661.19,1108.54
North Eastern Region,Total (North-,Private,0.0,0.0,0.0,0.0,0.0,0.0,0.0,866.37,866.37,866.37
North Eastern Region,Eastern Region),Central,1113.02,0.0,1253.6,0.0,2366.62,0.0,2050.01,102.99,2153.0,4519.62
North Eastern Region,Eastern Region),Grand Total,1113.02,0.0,1664.96,36.0,2813.97,0.0,2472.01,1208.55,3680.56,6494.53
Islands,Islands,State,0.0,0.0,0.0,57.52,57.52,0.0,0.0,5.25,5.25,62.77
Islands,Islands,Private,0.0,0.0,0.0,35.19,35.19,0.0,0.0,27.82,27.82,63.01
Islands,Islands,Central,0.0,0.0,0.0,0.0,0.0,0.0,0.0,5.0,5.0,5.0
Islands,Islands,Sub-Total,0.0,0.0,0.0,92.71,92.71,0.0,0.0,38.07,38.07,130.78
Islands,Islands,State,0.0,0.0,0.0,26.83,26.83,0.0,0.0,0.0,0.0,26.83
Islands,Islands,Private,0.0,0.0,0.0,0.0,0.0,0.0,0.0,9.27,9.27,9.27
Islands,Islands,Central,0.0,0.0,0.0,0.0,0.0,0.0,0.0,0.0,0.0,0.0
Islands,Islands,Sub-Total,0.0,0.0,0.0,26.83,26.83,0.0,0.0,9.27,9.27,36.1
Islands,Islands,State,0.0,0.0,0.0,84.35,84.35,0.0,0.0,5.25,5.25,89.6
Islands,Islands,Private,0.0,0.0,0.0,35.19,35.19,0.0,0.0,37.09,37.09,72.28
Islands,Islands,Central,0.0,0.0,0.0,0.0,0.0,0.0,0.0,5.0,5.0,5.0
Islands,Islands,Grand Total,0.0,0.0,0.0,119.54,119.54,0.0,0.0,47.34,47.34,166.88
